lon,lat,tas_mean,tas_trend_per_decade,tas_trend_p,huss_mean,huss_trend_per_decade,huss_trend_p,rsds_mean,rsds_trend_per_decade,rsds_trend_p,sfcwind_mean,sfcwind_trend_per_decade,sfcwind_trend_p,ps_mean,ps_trend_per_decade,ps_trend_p
107.25,21.75,22.788944,-0.5117711153897373,0.3337138014783508,15.93318,0.04486465454101563,0.8971950886858298,150.53111,-5.4664796771425195,0.5281205868669675,2.370223,-0.1709744569027063,0.33620019435709214,960.7,-0.3647497928503788,0.3170490239488006
107.25,22.25,23.380447,-0.6792490410082268,0.2419288885515408,15.273477,0.12690960277210583,0.6662111763991617,151.24435,-5.994739879261363,0.5130168509105266,2.277579,-0.19790193528840036,0.2854929525959983,986.17114,-0.36373623934659094,0.3506526275267892
107.75,21.75,22.387848,-0.45578164765329077,0.3836944416522811,15.528486,0.11404863993326823,0.7418391069072252,156.70908,-5.164200291489109,0.5323606330282513,2.2818594,-0.17782824689691717,0.2259509323181489,967.6434,-0.3673206676136364,0.3281527521412479
107.75,22.25,23.106018,-0.6624523509632457,0.24279633930805228,15.101943,0.18470741040778882,0.5443818705711567,151.11646,-4.992479728929925,0.574991920093415,2.3563461,-0.2119902263988148,0.204353137195092,985.8991,-0.35813950047348486,0.3541693768626125
108.25,21.75,22.896244,-0.42375344941110316,0.37896283071045583,15.225762,0.22208693533232715,0.4759440906377957,159.81418,-5.645224831321023,0.5050021333420818,2.8520215,-0.14053664062962387,0.4509819812783503,997.3875,-0.3745893998579546,0.3473883237966824
108.25,22.25,22.71799,-0.5945216092196378,0.27644546181585083,14.824913,0.26132577838319726,0.4092129417624559,150.10371,-5.328292384292139,0.5235180833822833,2.7284226,-0.21161119865648673,0.25542541020845627,991.8189,-0.35110751065340906,0.3474084790112109
108.25,22.75,22.733658,-0.6097180915601326,0.2669023881128481,14.484325,0.2145906506162701,0.4524969392520055,145.92274,-5.659274939334754,0.4996990875125959,2.6477513,-0.18797250227494675,0.33729143547490753,996.24176,-0.3484219637784091,0.34474999768468495
108.75,18.75,25.01666,-0.3342672405820904,0.5186492259924714,17.124718,0.31046098651307996,0.5448117612397649,197.4985,-1.215136903705019,0.8824256468681447,2.8684978,-0.21112589402632279,0.15924909666814677,988.90027,-0.42090953480113635,0.3997646508329787
108.75,19.25,25.532253,-0.6168008284135298,0.26847348564135365,16.845022,0.36992448748964246,0.4316612848633881,195.71214,-0.6331333969578599,0.9383571344337038,3.7203343,-0.42744756467414624,0.07764607344404004,1003.4042,-0.3779814749053031,0.4512094467721761
108.75,21.75,23.466923,-0.49579655040394177,0.29261347041972713,15.21164,0.2622065110640092,0.40326064470336687,163.09384,-5.329692493785512,0.5258735978525972,3.4822094,-0.32208504821314954,0.14262552486722913,1007.5879,-0.3693292791193181,0.3645859244898739
108.75,22.25,22.484892,-0.5984944430264559,0.2439825774238319,14.265113,0.3860000841545336,0.2444521415714927,150.22661,-4.779322768702652,0.5661240578368117,3.1444585,-0.29929127837672376,0.14036016240341198,1000.9018,-0.3523245146780303,0.3603844189293683
108.75,22.75,22.577248,-0.6146351207386364,0.2488639667586758,14.33688,0.3204033013546106,0.3162543469695984,144.7845,-5.616493918678977,0.4873826677264699,2.9757855,-0.2631192351832534,0.1866521735868424,997.397,-0.34503728693181823,0.349878767257579
109.25,18.75,23.90324,-0.35427024147727276,0.5159119551878613,16.905357,0.24272814663973724,0.6163682708428264,186.5998,-1.3519777240175188,0.8590597341205058,1.9841676,-0.1318859403783625,0.2296303873630812,961.67755,-0.3988850911458333,0.41234887660848896
109.25,19.25,23.805168,-0.6891432097463897,0.2252040257452571,16.103056,0.18540630918560605,0.6415419332793121,184.77953,-2.1538474343039775,0.810880017610131,2.5258214,-0.34796073219992896,0.04363402991693408,973.5399,-0.38072990648674243,0.43799271300546627
109.25,19.75,25.366117,-0.8431227712920218,0.11744715233485861,16.616034,0.3084122628876657,0.43610035244862394,187.88953,-2.3567329175544507,0.7906242260616174,3.2400703,-0.5433992906050249,0.013156287796099286,1005.1806,-0.34394235321969696,0.4791444626536796
109.25,21.75,23.523825,-0.6588112802216501,0.18576943254809464,15.120443,0.23325446157744434,0.44309508459136027,166.48012,-4.254933675130209,0.6002276379927339,3.2414668,-0.3083858345494126,0.12068324078352648,1006.28217,-0.3510631214488636,0.38945919313031374
109.25,22.25,22.484777,-0.6326877709591028,0.2227338056573137,14.2469,0.3808709924871271,0.2665886641911332,151.34023,-5.1488628965435606,0.5279645204392863,2.982451,-0.28810012701785925,0.14156093400582176,997.7858,-0.3406316583806818,0.3703424414831428
109.75,18.25,25.352007,-0.08155568440755209,0.8677809327528513,17.72994,0.1510228243741122,0.751941072972125,185.5807,-1.3298598780776516,0.8586387994699977,2.8728921,-0.012239051587653885,0.9359582370413552,998.5258,-0.5240589488636364,0.37190576747503873
109.75,18.75,23.887833,-0.30533854166666663,0.5317918134533609,17.081156,0.2028356609922467,0.6617527673931982,178.05171,-1.2497854521780303,0.8722395662125295,2.1909215,-0.13425603779879483,0.26976248495069816,962.4824,-0.4346516927083333,0.4010706800135384
109.75,19.25,24.296238,-0.6217514962861033,0.23798523595257332,16.935665,0.07840139215642757,0.8444367384674848,173.27628,-2.315181847774621,0.8054931380648355,2.340677,-0.38139012365630176,0.011064715462813547,975.824,-0.39183460582386365,0.44663872729291365
109.75,19.75,25.113815,-0.7772008722478694,0.11136797927162335,16.717705,0.18514841253107245,0.6149122779759542,183.33746,-2.278689297762784,0.8012234388173121,2.997345,-0.6047343485283129,0.0033185499322593,1000.8253,-0.35668205492424243,0.4733244757856907
109.75,20.75,24.627161,-0.7688167456424598,0.05359366937197886,15.909952,0.2866074533173532,0.39592632143113904,176.80554,-1.9485492128314394,0.8043846355808164,3.6720223,-0.6688109600182736,0.004751470622399767,1006.6073,-0.358084013967803,0.44237167224417884
109.75,21.75,23.39916,-0.6749713782108191,0.14050677981134127,14.99726,0.2836330298221473,0.3490835456048686,161.4823,-4.204671223958333,0.5903234826773638,3.085231,-0.3685750527815385,0.054768140156396944,1002.8454,-0.35667465672348486,0.3987569925497392
109.75,22.25,22.422386,-0.6047520493016099,0.20720593244591193,14.445731,0.4575594121759588,0.19184053514865598,152.07042,-4.880273067589963,0.5459836871406597,2.7110577,-0.29761967514500476,0.07519581362877448,990.0473,-0.34441953716856055,0.3839968444311781
110.25,18.75,25.141607,-0.3336345788204309,0.46722729800289264,17.725994,0.2596948797052557,0.5548511204178085,178.68942,0.08301890980113637,0.9917799247428913,3.0759275,-0.19764533187403827,0.2012201595986381,992.9798,-0.4733035925662879,0.41006231022611467
110.25,19.25,24.320082,-0.3538197604092685,0.4723982626666907,16.537897,0.2386952024517637,0.5709755191272037,175.63908,-0.6947446880918561,0.9402956759911505,2.9918556,-0.2693314552307129,0.08593452951366687,995.4028,-0.44492039535984845,0.4211587418614573
110.25,19.75,24.630033,-0.4618093317205255,0.30324406060170955,16.46299,0.237483515883937,0.5432458424768726,183.46738,-0.4484900272253788,0.9610438331048645,3.5134375,-0.4727780313202829,0.02180820103489747,1003.1874,-0.40023156368371215,0.45041569395476494
110.25,20.75,24.51888,-0.7600168170350969,0.10959480035682477,16.046505,0.36362630670720875,0.36805566192359757,173.36302,-2.024697043678977,0.8010135535271776,3.5227227,-0.5353379394068862,0.017036968389660248,1005.415,-0.37785200639204547,0.43572060178342265
110.25,21.25,24.185442,-0.5095758149118135,0.23259165248460772,15.61591,0.47475306193033856,0.22170231824338932,166.888,-3.7058290423768936,0.6302734218960422,3.1799786,-0.35789515755393286,0.038550982132627316,1007.4383,-0.38139574455492425,0.4098470756441289
110.25,21.75,23.581924,-0.4774870439009233,0.2676308218933017,15.147477,0.4972129012599136,0.18295517012837748,159.46642,-4.581414425011837,0.5564258621185566,2.8270683,-0.2735993067423503,0.08095085932553547,1004.4758,-0.36952903053977276,0.410078620682835
110.25,22.25,22.620333,-0.5609202529444839,0.22777892344785364,14.504681,0.544468388412938,0.13033498292435547,154.47412,-5.08154296875,0.5121904445029485,2.6371634,-0.29837544759114587,0.08309633968566589,991.6429,-0.35996685606060613,0.38368355972332796
110.75,19.75,24.884232,-0.22220981482303503,0.5881709651532723,16.735254,0.27132300174597535,0.5083083518268128,189.10811,-0.15065326112689392,0.9865510424271466,4.052368,-0.245629426204797,0.1775819909232378,1006.1458,-0.44842714251893945,0.41769008346981285
110.75,21.75,23.850845,-0.3405186046253551,0.3724176293637824,15.381445,0.5042362213134766,0.1840128311597313,164.32605,-4.102824818004262,0.5921724350722688,2.6693575,-0.13418164397730972,0.26408197102588643,1006.53766,-0.391427704782197,0.40829424882882265
110.75,22.25,23.11572,-0.500017108339252,0.2315159211238051,14.989558,0.5374470335064512,0.12986831537186472,157.53958,-4.277916185783618,0.5740068227102721,2.3636043,-0.24397387649073746,0.07635351101000384,991.40857,-0.360821348248106,0.4012294331363643
111.25,21.75,23.0811,-0.36099809588807996,0.3191093889644141,15.234361,0.45149109580300073,0.23525924890745958,166.12764,-2.5687995679450752,0.731354417970669,2.5393395,-0.18060273835153293,0.10543692722273965,992.9549,-0.40659031723484845,0.3816492218570712
111.25,22.25,22.036987,-0.5067675041429924,0.1955860984161226,14.814506,0.5251793138908617,0.12230286306130732,156.28757,-3.1879827325994317,0.6660228813316729,2.0811656,-0.1857463013042103,0.08339247094981513,961.3036,-0.3623083866003788,0.39194116409158986
111.75,21.75,23.142902,-0.41571461070667615,0.21206279514348642,15.154568,0.38790269331498584,0.2708351933489697,164.70663,-1.0343424479166667,0.8960258168421772,2.7785583,-0.14321530948985706,0.26327652535296553,1004.89764,-0.4210796934185606,0.3963136486807114
111.75,22.25,22.165861,-0.5277097297437263,0.14478448583942893,14.50719,0.44091617699825403,0.17306592268399276,152.92323,-1.4764015891335225,0.8546992600525977,2.2291017,-0.22243719389944364,0.05332604520238823,988.8863,-0.384417909564394,0.40025561291259315
111.75,22.75,22.137499,-0.5143615260268704,0.2041011608697769,14.197592,0.37365792014382104,0.2387272426762157,151.73125,-2.013949307528409,0.7998209154804429,2.0630913,-0.19226480252815015,0.09952945238995992,990.68286,-0.36308519767992425,0.39274559858458336
112.25,21.75,23.30875,-0.4409635139234138,0.13058931406513397,15.443835,0.2958627180619673,0.34908052103084525,164.03366,0.7244947028882576,0.9372373781860225,3.508577,-0.27894166021636035,0.05664552811193212,1002.158,-0.40771484375,0.4084498313963216
112.25,22.25,22.469786,-0.5287776137843276,0.10711552952689127,14.592025,0.3837503375429096,0.2534006041597353,154.20058,-0.06193866151751894,0.9943210607717737,2.6247845,-0.26550980770226684,0.049212918977244065,991.1386,-0.38843513257575757,0.4043894199259701
112.25,22.75,22.03478,-0.5140738053755327,0.15967726196009624,14.022258,0.3426063422000769,0.30600153158775467,150.15875,-0.9764848188920455,0.9075328999028734,2.2726507,-0.2224842562819972,0.0675325235365543,992.9948,-0.3747151692708333,0.3987784116422335
112.75,22.25,22.88333,-0.44072954582445545,0.13453834434554396,14.651704,0.3244662429347183,0.30006436908170125,160.3605,1.4762637976444128,0.869483045360627,3.1144383,-0.25094944058042584,0.10091321028455974,1003.0616,-0.39466811671401514,0.41228695438699847
112.75,22.75,22.661734,-0.45647407300544507,0.18068637588028957,14.200077,0.3146218964547821,0.34435905554167234,152.63426,0.3483415083451704,0.9681988794841123,2.6473494,-0.22008803396513968,0.11846008328262446,1002.3872,-0.3778113162878788,0.40734772479626125
112.75,23.25,22.360588,-0.30841896750710224,0.40202019721652416,13.974181,0.3610338731245561,0.34037430879236596,148.62009,-1.7213449189157197,0.849453467896136,2.3166509,-0.0990421555259011,0.41885415365701023,1003.2872,-0.38898259943181823,0.3864960378903179
112.75,23.75,21.396248,-0.14197829275420215,0.7025287057563824,13.848364,0.2866893537116773,0.43524326881687797,144.80438,-3.5027336351799243,0.6859236186429799,2.1293862,-0.01560461882388953,0.8807089288162548,980.16266,-0.36009632457386365,0.38555790536529827
113.25,22.25,23.142841,-0.2859342170484138,0.32739298334157396,14.902908,0.3021908384380918,0.2585864760308796,168.60631,1.924869421756629,0.8254106431860497,3.7186637,-0.21016733574144766,0.21511091894386997,1006.1275,-0.4009158972537879,0.4205941242888
113.25,22.75,23.07157,-0.3547714695785985,0.30636060574053475,14.37806,0.3076364343816584,0.3207660135867295,159.80463,0.3637908010771781,0.9677043597437109,2.9903152,-0.1975524931242972,0.22348764001142263,1009.74286,-0.3729285037878788,0.4340263599863852
113.25,23.25,22.92492,-0.28723190770004736,0.4197625621222644,14.255581,0.37423174309008045,0.33379335694210205,152.93317,-1.178234678326231,0.8955063272612009,2.6729877,-0.12106672922770181,0.39291454795243663,1007.3655,-0.3818618312026515,0.41290855433709844
113.25,23.75,22.121866,-0.16531233354048297,0.6513112868314832,14.179788,0.29947980244954425,0.4447023959032039,147.63264,-3.034125125769413,0.7292529488483627,2.338542,-0.07714358243075284,0.5393984720104008,992.6752,-0.37926136363636365,0.3853171250861111
113.75,22.75,23.29905,-0.25248614224520594,0.42941494778829503,14.784593,0.3179043856534091,0.2632626340949015,166.04208,1.26220703125,0.8859402263982684,3.2182493,-0.13393217144590436,0.3894385285952846,1007.9336,-0.39349550189393945,0.4220231965509345
113.75,23.25,22.666533,-0.2250711845629143,0.5161047933486556,14.295837,0.39325754570238514,0.2742644565877225,156.57677,-0.04975844874526515,0.9955323350035832,2.3824446,-0.07648913065592448,0.5164816972221525,1003.0143,-0.3887643525094697,0.41211498138980557
113.75,23.75,21.472092,-0.13154925722064395,0.7054118300295215,14.0425625,0.3177710446444425,0.3948669865118306,149.42984,-1.7293867631392046,0.8458068105894733,2.1773412,-0.05432857889117616,0.641167025778007,975.19257,-0.3695401278409091,0.38922208307400824
114.25,22.25,23.37524,-0.2597499038233902,0.383191224706051,15.286453,0.37056518323493726,0.2159476529404725,175.1599,2.4171309037642046,0.7682859451723204,3.5250373,-0.129515806833903,0.31318537555732207,1000.3131,-0.38481371330492425,0.44306984835178737
114.25,22.75,22.91311,-0.29337992812647967,0.35650428030391756,14.723229,0.36590743787360913,0.2640087319476894,166.81389,1.4117736816406248,0.8679833686326826,2.9310489,-0.14100284287423798,0.2539171755671281,999.8248,-0.3794389204545455,0.43426420599067594
114.25,23.25,22.635551,-0.28278316151012073,0.44098419031785907,14.486681,0.40760022943670093,0.2494856492583364,158.3893,1.407369902639678,0.8722543131375703,2.184472,-0.1027851321480491,0.34699601504664257,996.6767,-0.37859552556818177,0.4234684903616793
114.25,23.75,21.75701,-0.20010075424656726,0.5886510570072508,14.295825,0.28936571063417377,0.39804575193643665,152.45099,-0.4652996641216856,0.9571841315336758,2.0441236,-0.07737575155315977,0.4679081035667565,980.3494,-0.362042051373106,0.41375109826458856
114.75,22.75,22.756477,-0.2767917748653528,0.38175990607888877,14.827746,0.3063426162257339,0.28269783792646475,164.44064,1.9164622913707385,0.819225086136408,3.2053573,-0.15415457523230347,0.2223909632282518,997.8806,-0.3662923177083333,0.4638893042563299
114.75,23.25,22.284254,-0.2626625985810251,0.5028253008658529,14.194803,0.41953115752249054,0.20769839113457655,161.72482,2.0451244007457388,0.8178997366409875,2.1921356,-0.1063117908708977,0.3537158095814931,993.4215,-0.35843542850378785,0.45252706939680687
115.25,23.25,21.474398,-0.3238236398407907,0.4621724789462761,14.003201,0.3202452226118608,0.22979942519825328,161.96317,0.906914913293087,0.9193020528115237,2.0014768,-0.1040187965739857,0.3262316911861222,978.9006,-0.34996448863636365,0.4570711386581806
115.25,23.75,21.288134,-0.23410519686612216,0.6037823869203351,13.834283,0.2326369430079605,0.39218642479177396,157.59868,-0.4212960907907197,0.9624646461317298,2.081262,-0.11223607352285675,0.38393298125091047,974.11633,-0.3375835996685606,0.44062609161081023
115.75,23.25,21.70399,-0.25251885616418085,0.5858520544971039,14.079081,0.2449016571044922,0.321598631191903,164.06056,1.2909897312973484,0.8863694399233382,2.2521327,-0.07662342533920749,0.5193788983489738,986.53156,-0.336200136126894,0.49508832474508796
115.75,23.75,21.182543,-0.12837716304894647,0.7964706615487464,13.654149,0.16791748278068774,0.48422327397492393,156.62398,0.3983477968158144,0.9649265854299913,1.9743341,-0.0790328546003862,0.559990222237673,974.91003,-0.3241780598958333,0.47069105412400214
116.25,23.25,22.346453,-0.034706462513316765,0.9348679628148164,14.366681,0.2500211542302912,0.24279710416878575,169.50398,2.0425803444602275,0.8201707681617071,2.6880693,-0.04542118130308209,0.7421573596669747,1001.30005,-0.34732333096590906,0.4927554316023032
116.25,23.75,21.456808,0.008329796068596117,0.9859221701703466,13.966585,0.22039731343587238,0.32742663973019637,158.58656,1.0105054450757576,0.9140681456219214,1.8269744,-0.01877830967758641,0.8687765743776641,983.9341,-0.3338068181818182,0.473730622855579
116.25,24.25,20.71067,0.0791921904592803,0.867988564696318,13.264357,0.2640112674597538,0.3424439591074498,158.17337,-0.9365558046283142,0.9187367426697158,1.72803,-0.014846411618319424,0.8895688336464167,976.87744,-0.34826290246212116,0.4339229779251032
116.75,23.25,23.113321,0.06184583721738873,0.8769329182618181,14.896322,0.1829756534460819,0.36736205254613996,175.23193,2.368511777935606,0.7906975377285808,3.0130284,-0.02423335566665187,0.8797471307943099,1007.742,-0.32691539417613635,0.5245062721487156
116.75,23.75,21.521877,0.13885706121271307,0.7594486808575359,13.935054,0.13071464769767993,0.5012544533823284,168.78352,1.9853349165482956,0.8268737591189962,2.1370556,0.019556421222108787,0.8737318157533798,991.8772,-0.31564423532196967,0.5119725243219511
116.75,24.25,20.451416,0.1619971304228812,0.7325220212514733,13.391437,0.1876065225312204,0.38700868516945763,158.19713,0.24027783942945077,0.9789779113415202,1.6632335,0.01592321829362349,0.8467903577036592,972.25775,-0.3127256451231061,0.4778832982799772
116.75,38.25,14.262264,0.23930272189053622,0.6656192020600049,7.848568,-0.2515905264652136,0.18898342783200617,178.44398,7.382616447679925,0.05448266152702958,2.998357,0.16595616485133316,0.14413735614577325,1013.8976,-0.10071170691287878,0.7169580751297828
116.75,38.75,14.18047,0.2813669840494792,0.6221538118354363,7.7067227,-0.26585443092115,0.20797416298428623,177.59462,7.244401411576704,0.05493292862706827,2.9484074,0.18216151902169894,0.08794299922512873,1013.9936,-0.1098891749526515,0.688259581001902
116.75,39.25,13.918779,0.27344611196806934,0.6242834179964796,7.471511,-0.2903043573552912,0.20327793099331157,175.38828,7.50668242483428,0.037232700953805334,2.8014958,0.17536932049375592,0.07605505988725673,1013.65094,-0.16045587713068182,0.559571795601974
117.25,23.75,21.949612,0.08626880067767519,0.8330277168658528,14.147973,0.1365876053318833,0.5073370389958783,174.57224,3.615452621922348,0.6762348785138187,2.5613456,0.00961465546579072,0.9409287179680673,997.2229,-0.31514855587121215,0.5049317003266433
117.25,24.25,19.962402,0.09843144272312974,0.8146014274830996,13.085196,0.13847853920676492,0.5342321262063464,162.36963,1.4763165098248108,0.866347799951305,1.7297007,-0.012010335922241211,0.8682690660710926,967.77356,-0.3015173709753788,0.4852812095495198
117.25,24.75,19.697498,0.13167167432380444,0.7376348146250508,13.187301,0.1695493640321674,0.48539537002776545,156.17838,0.42726181492660986,0.9628581416502092,1.4578345,-0.009858702168320164,0.8882422103534913,950.03955,-0.3092521898674243,0.4347324868372347
117.25,37.75,14.099804,0.2554933952562737,0.6184532208538988,7.9023027,-0.17583656311035156,0.3341514335017055,178.43298,8.416533499053031,0.04973574645907751,2.898842,0.1467043703252619,0.1764811909112904,1013.46967,-0.1266460996685606,0.6543932639301966
117.25,38.25,13.982112,0.3290723164876302,0.5836398156287449,7.823529,-0.17508067506732364,0.44630682865461896,178.5595,7.7286941065932755,0.05727120618388742,3.188704,0.18912367387251422,0.10152765428686075,1014.17487,-0.14795291785037878,0.6070452436411479
117.25,38.75,13.986607,0.3675088015469638,0.5478862391610565,7.922483,-0.20293579679546936,0.40201316462032605,177.54437,7.744294137665719,0.04664503448603215,3.2626064,0.19977793549046372,0.08191883928442761,1014.38727,-0.15681966145833334,0.5774884025807581
117.25,39.25,13.926064,0.3348975904060132,0.5580992915163141,7.722337,-0.21492030403830792,0.3597045864706183,176.08061,7.110530968868371,0.04631101842576773,3.0142708,0.1915688081221147,0.06830112358910452,1014.3746,-0.1998623934659091,0.4774902421832593
117.25,39.75,13.401771,0.3200136242490826,0.5375819408754373,7.3323407,-0.20387499260179925,0.4134518455230088,173.98961,7.328515255089963,0.0454035986159824,2.5752857,0.17099845770633582,0.05494184755648603,1013.506,-0.1934259588068182,0.4918527893427616
117.75,24.25,21.449144,0.06293360392252605,0.8747399683759289,13.638925,0.12056287129720052,0.5950682561775116,167.43408,3.4195917302911933,0.6901006549330689,2.269306,-0.03554481448549213,0.6864482825551983,1000.8536,-0.26557321259469696,0.5633255562139127
117.75,24.75,20.84398,0.06916173299153645,0.8637400256895693,13.558808,0.13554151130445077,0.5421360665084816,161.82607,1.9085832075639206,0.8273275735926346,1.6476974,-0.02362637808828643,0.686237771467245,977.22723,-0.2886334043560606,0.4943224056808026
117.75,25.25,18.456404,0.08742211081764914,0.8165419646601739,12.231138,0.20104067253343985,0.3223408053485165,156.40515,-0.2506390195904356,0.9782235823995673,1.5522537,-0.01813480348298044,0.7526272171710552,938.4034,-0.2632390802556818,0.48645891399914254
117.75,37.75,13.73444,0.3151398283062559,0.5784124660048672,7.794661,-0.09599997780539772,0.6414365780169523,178.38547,8.005738229462594,0.05286415445644084,3.0949802,0.15727034482088953,0.13264820933929197,1014.1135,-0.13666326349431818,0.6374013436808829
117.75,38.25,13.591738,0.38458413788766577,0.5525569177728734,7.8294272,-0.09179979382139264,0.7177127866867286,178.86557,7.318519361091383,0.06392922139964129,3.4797306,0.19379238648848102,0.09845434464840888,1014.3329,-0.16305634469696967,0.5760353762185019
117.75,39.25,13.379262,0.4515266996441465,0.4572003793153837,7.767239,-0.13075175429835464,0.6034850638431438,176.59918,6.836227879379734,0.04862944218695067,3.2649803,0.18097572615652371,0.09452397759550768,1013.80316,-0.21791770241477273,0.45184017001098614
117.75,39.75,12.996091,0.4474968765721177,0.41356700245175626,7.428099,-0.10679620684999408,0.6573875242995871,174.68185,7.187116218335701,0.04509678725424326,2.5581603,0.1410796714551521,0.09758964926375363,1011.83093,-0.23516660748106058,0.4178218069419815
118.25,24.75,21.598043,0.024410247802734375,0.9505396937449615,13.890165,0.11658310167717209,0.584380767485426,165.32706,2.544873786695076,0.7730511201511749,2.734973,-0.05186130061294093,0.5989641233314447,994.4668,-0.26213674834280304,0.542598299300688
118.25,25.25,20.510328,0.025815674752900093,0.945091603576386,13.554065,0.17191066163958924,0.4285112224088746,157.66466,1.1194226814038828,0.9014543879742387,1.717957,-0.04372114123720111,0.4205492231736131,969.71643,-0.25327370383522724,0.5176438595427849
118.25,25.75,18.46088,0.03898805560487689,0.9126807637644707,12.527499,0.15154520670572916,0.41809581276357677,153.11876,-0.6356358383641099,0.9450355676825241,1.6813614,-0.04238122882265033,0.49926975019834496,931.48047,-0.26411206794507575,0.42237868179328547
118.25,26.25,18.519533,0.04475460630474669,0.8931835729744768,11.863674,0.18619687629468512,0.3778402377162762,152.0818,-2.5041494658499053,0.7858026721127144,1.4959095,-0.026594812219793148,0.6060518975247605,955.2328,-0.26614657315340906,0.4446900665245485
118.25,34.75,15.017388,-0.021664128159031723,0.9605181624735896,9.244355,0.02235886544892282,0.925138637589414,170.52582,0.3718215479995265,0.9344555841960395,2.7985268,0.05791934331258138,0.18535922296030313,1009.1361,-0.2281642104640152,0.5022042988508325
118.25,35.25,14.312044,-0.039291150642163826,0.9241739692211265,8.977678,0.03256907607569839,0.8748880902988763,172.11615,1.1594321511008523,0.7957671608633219,2.5889304,0.04416133418227687,0.37589856621631307,1000.0883,-0.1976947206439394,0.5420197308456032
118.25,36.75,13.459265,0.11156480962579901,0.8234960650333639,7.8753295,-0.016250176863236862,0.9397724247553623,176.11906,5.593843402284565,0.18706549899884867,2.7725132,0.08527390162150066,0.3636314048037799,995.6376,-0.17993533972537878,0.5424620794150375
118.25,37.25,13.940912,0.23433991634484494,0.6660852600930285,7.9283457,-0.033147031610662285,0.8783329280189736,176.38132,6.346586285215436,0.1295246624907617,2.9490626,0.11319618514089873,0.23554137959067942,1013.43427,-0.18139278527462122,0.5541902022157069
118.25,37.75,13.527631,0.3893189285740708,0.5507796529914779,7.7862515,-0.037943117546312743,0.8826315661861909,178.51581,7.335333621863162,0.07061585985832049,3.4007714,0.15960817626028354,0.1635268568487512,1013.765,-0.18698212594696972,0.5344961947153296
118.25,39.25,12.619778,0.5408593958074396,0.41019970507259274,7.621303,-0.06411483071067117,0.8198105143580385,177.63362,6.3354843602035995,0.08373863455359673,3.4698458,0.1845392891854951,0.08866807347820814,1014.55084,-0.24835020123106064,0.40839533903369457
118.25,39.75,12.235386,0.5448381828539299,0.33381702219064496,7.1917815,-0.08320799740878018,0.7380655344581539,174.89299,7.203092632871685,0.06163978593085078,2.6462953,0.12904271212491122,0.1211203656585491,1009.2048,-0.25031812263257575,0.39811964880172257
118.75,24.75,22.134172,0.004087621515447443,0.9918868315560558,13.828753,0.11167185234301019,0.5547056232115711,168.99356,2.6278889973958335,0.7472353921828004,3.8858178,-0.12412458477598248,0.4258760318429101,1008.6131,-0.25538589015151514,0.5542056970838193
118.75,25.25,21.309317,-0.026405218875769416,0.9460259749281212,13.769308,0.11778941298976088,0.5524081293294815,162.82722,1.6149125532670454,0.8473943420356986,2.767119,-0.07922090183604848,0.45428011996064355,990.16534,-0.22515314275568182,0.5803989078784032
118.75,25.75,18.536316,-0.015886595754912407,0.9698914422325763,12.465329,0.12886226538455847,0.4830081379924863,153.64973,0.08405373313210228,0.9925658447539237,1.7507586,-0.04416428190289122,0.462499919600667,947.3243,-0.22355143229166666,0.505810320227231
118.75,26.25,18.291836,0.004137443773674242,0.9917783647761984,12.001132,0.17771379875414298,0.3534821017327059,150.99425,-1.7221864642518938,0.8549833951267195,1.4555907,-0.027927543177749172,0.5532606668295779,955.25214,-0.23168945312499997,0.47635873685152585
118.75,26.75,16.978786,0.03145032940488873,0.9288952050922928,11.358282,0.14872759038751776,0.40621201660761985,150.82576,-2.836047548236269,0.7445461278468276,1.5173637,-0.028409192056366894,0.6001206146114685,928.7257,-0.23851059422348486,0.39613321663336043
118.75,27.25,17.78802,0.06856976133404356,0.8394609939377212,11.486689,0.1564221237645005,0.37994837259787395,150.24133,-2.9767770478219697,0.7289625701944641,1.5103313,-0.030631115942290336,0.5081303690056569,951.92004,-0.25074351917613635,0.39132303686559106
118.75,31.75,16.483501,-0.019510904947916668,0.9570577172345748,10.448932,0.0782523877692945,0.6961544385527655,156.0102,-3.278214888139204,0.5360414746769296,2.9068737,0.031058311462402347,0.6572782740699704,1012.6775,-0.24986313328598486,0.42824026011135574
118.75,32.25,16.123104,0.04042885520241477,0.9177709718436865,10.161493,0.09032336148348723,0.6578481890579444,158.07704,-2.9464712431936557,0.5662383628508679,3.0423381,0.054644656903816,0.4485872598433097,1012.54407,-0.25861890388257575,0.43415955894921127
118.75,32.75,15.818295,0.08321536671031607,0.8387947307305674,10.021768,0.08341991540157434,0.7005320238586357,162.53758,-1.665398800011837,0.7358719786252073,3.1316679,0.08967370697946259,0.14885840417171553,1011.70264,-0.2569173177083333,0.45043390969684743
118.75,34.25,14.980318,0.04985641710685961,0.9127486142038761,9.284047,0.07146829547304095,0.7475527990329174,168.45154,-1.6513662627249053,0.7440128372839369,2.8788579,0.0754269975604433,0.020830044040675278,1013.5246,-0.24145507812499997,0.4872485754984259
118.75,34.75,14.4150505,-0.005984046242453835,0.9897368634046223,8.987254,0.03863167040275805,0.8693633380646179,170.52278,-0.7483446525804925,0.8706251367870195,2.837891,0.05690027005744703,0.19417491773329318,1010.0046,-0.21760327888257577,0.5336130459750362
118.75,35.25,13.707955,-0.02688841386274858,0.951889227542478,8.730945,0.04225806033972538,0.8453933767265525,171.65358,-0.03708810517282197,0.9933639179732842,2.7704406,0.044307679841012665,0.3798544888566517,1001.74963,-0.19770581794507577,0.5532112294729276
118.75,35.75,13.000672,-0.020130388664476796,0.9637094247981219,8.281614,0.04400617426091975,0.8362530709355743,173.31291,1.8072204589843752,0.6499919369766423,2.8454459,0.061947562477805404,0.4286080666978963,995.00555,-0.18664920691287878,0.5697588423253598
118.75,36.75,13.663694,0.15338441097375116,0.7591918041997008,8.00385,0.022545901211825287,0.9243703817006286,175.4513,4.491215561375474,0.2518865270764526,2.9569287,0.11985920414780125,0.20817378144709678,1006.85956,-0.19311893347537878,0.538199564082671
118.75,37.25,13.769443,0.29009212147105823,0.6110329550889239,8.155187,0.05537946296460701,0.8213923163138146,177.28186,5.213902328953598,0.20513143367282546,3.4072473,0.1448521614074707,0.19140676219541836,1014.21606,-0.1916799834280303,0.5484462459522843
118.75,37.75,13.264168,0.445443124482126,0.5233819145382859,7.933984,0.05334787657766632,0.8560000944371781,180.55692,6.094153201941288,0.11064429116550206,3.7714288,0.17968663302334875,0.14544599801706382,1013.81396,-0.21019028172348486,0.5013050471742588
118.75,39.25,11.925439,0.6336800546357125,0.37028250648459876,7.466134,0.0048788244074041195,0.9870494649961561,178.3764,5.630122329249527,0.10954178933110469,3.6144376,0.16097063006776755,0.12396635621844686,1012.99786,-0.2670343572443182,0.3833489494983205
118.75,39.75,11.390538,0.6634611649946733,0.28396534959312447,6.998503,-0.0071346976540305395,0.977729660148132,175.42523,6.718771269827179,0.05328755891442274,2.6965845,0.11555905775590375,0.14597067190621874,1009.58167,-0.2753240411931818,0.36218660367199657
118.75,40.25,10.507555,0.599955703272964,0.2666250556565864,6.7086277,-0.0710103873050574,0.7620338599420919,173.96,7.90371796579072,0.022078465151214848,2.2849545,0.09644334966486151,0.22528040377929426,981.4803,-0.27625621448863635,0.3167122070134511
119.25,25.25,21.378143,-0.03647081779711174,0.9261481936085958,13.828689,0.09766243443344579,0.5539449174844324,162.72096,1.059967041015625,0.8973621326767651,4.4098573,-0.11443450234153053,0.5417249293668782,1010.2685,-0.22992128314393942,0.5694613431460609
119.25,25.75,20.233948,-0.0253448486328125,0.9560030676848892,13.351173,0.08194027525005919,0.692482811910767,155.73056,0.26799057469223486,0.975658741066409,3.0006998,-0.05004848133433949,0.6872947553138659,984.9891,-0.2344341856060606,0.5104334679063344
119.25,26.25,18.947416,-0.005600206779711174,0.9890130120341248,12.645318,0.13157081604003906,0.4520638282951419,150.76892,0.11388142903645834,0.9907549910900882,1.8759137,-0.05813289411140211,0.3970739972931541,966.54584,-0.216064453125,0.49380269108436337
119.25,26.75,17.819891,0.005238388523910986,0.9886384773513188,12.262549,0.14397129868016098,0.4403726425034153,147.77434,-0.35508219401041663,0.9697786573095093,1.4808631,-0.03644157178474195,0.5931266496691101,936.6099,-0.238210967092803,0.3924010266925944
119.25,27.25,15.539769,0.06166180697354404,0.8608609431488894,10.817112,0.18232524756229285,0.2675460497332262,147.10461,-2.0511557839133525,0.8187825210406072,1.5345262,-0.026331345240275063,0.6524938056750271,912.8226,-0.22184984611742423,0.3965061690255148
119.25,29.75,16.134356,-0.06379167961351799,0.8415269877144134,10.431376,0.022732879176284332,0.9136437084156553,145.92099,-3.390706380208333,0.49055976896226516,1.830368,-0.02430784341060754,0.5526214310354415,979.70544,-0.23456735321969696,0.3383631277965856
119.25,30.25,14.815272,-0.08162781686493843,0.8019934771071188,9.91881,0.013159087209990532,0.9450077491985138,146.30725,-3.9860072280421397,0.4430646591124017,1.8139118,-0.034404212778264824,0.38729691204181754,965.597,-0.2272357362689394,0.34052954463680224
119.25,31.75,16.326874,-0.028398918383049244,0.9459942306035678,10.357836,0.06657467466412169,0.7729715587679777,155.56628,-5.065229011304451,0.3692330473846362,3.0308268,0.021776430534593987,0.7207033986034624,1012.11475,-0.2448471531723485,0.45095496783159067
119.25,32.25,16.01235,0.029619159120501892,0.9472017870836212,10.120872,0.07400934623949457,0.7586675688172428,158.07635,-4.2776202577533144,0.41518745001916196,3.1836588,0.058530388456402405,0.36239764626947973,1011.25073,-0.2573057232481061,0.45345191256521095
119.25,32.75,15.938075,0.06518040281353574,0.8820426676836016,10.129989,0.06868339307380444,0.7873447317748004,160.76793,-2.80073593602036,0.583127602820978,3.2979224,0.10486936569213867,0.09711741164777198,1013.9991,-0.25766083688446967,0.46701479646464716
119.25,33.75,15.343521,0.045416803070993134,0.9235560727696244,9.5171585,0.02895222288189512,0.9068563115363782,165.92314,-0.9262834028764205,0.854061556600067,3.0964577,0.08735129327485056,0.042342463300086626,1014.0461,-0.278564453125,0.438521039796591
119.25,34.25,14.680311,0.039274735884232956,0.9374390252794301,9.1394005,0.022084149447354408,0.9294811377477138,167.99696,-1.1240243622750947,0.8285410898012053,2.9839606,0.07853695840546579,0.015601998138179682,1014.0137,-0.2547866358901515,0.4840436078619667
119.25,34.75,14.209028,0.022777730768377132,0.9622010275582645,8.964123,0.013986818718187737,0.9558491607909103,170.28685,-0.8353410200639205,0.8672495976546504,3.0930243,0.0781699816385905,0.05925362790254963,1010.3335,-0.24455122514204547,0.5074050911703386
119.25,35.25,13.517902,-0.002309741395892519,0.9961750494425703,8.70703,0.019469463463985558,0.9388510717561189,172.39949,-0.5228826349431818,0.9090433458566837,3.009326,0.05925164078221176,0.2667023708344389,1006.5666,-0.2226932410037879,0.5378289038411944
119.25,35.75,12.761146,0.023227980642607716,0.9624020454710681,8.173435,0.0038735071818033857,0.9877544006735468,173.79263,1.4778803045099433,0.7313595752396449,2.9816306,0.056945916378136834,0.4830381572214126,994.80304,-0.22231593276515152,0.519570727868908
119.25,36.25,13.463565,0.017784407644560844,0.9640881682853976,8.244402,-0.019220438870516693,0.9358308851040462,173.04048,2.3268811774976323,0.5735475810862194,3.080821,0.08167996551051285,0.34543359830338793,1005.5317,-0.22529000946969693,0.5076221024375994
119.25,36.75,13.615159,0.1401699528549657,0.7593997097916827,8.155178,-0.0032881823453036222,0.9892367477117862,174.70694,3.8546614213423296,0.3240194621729101,3.1920283,0.12174103476784445,0.22839976243376353,1009.6023,-0.23916533499053033,0.4676789254196876
119.25,39.75,10.946462,0.7632180416222776,0.28852020171858966,7.0263505,0.049569158843069366,0.8716270561666856,174.65338,7.127054850260417,0.034785466292134755,2.782365,0.09756302111076587,0.24160939897619782,1009.361,-0.3241558652935606,0.2985865508783619
119.25,40.25,9.825196,0.6389676874334161,0.2652394179208467,6.5492764,-0.09251395138827237,0.6989872566171254,174.26468,7.456640070134943,0.01179074539748761,2.3392174,0.07458900682853929,0.31790179799349094,975.1291,-0.3048946496212121,0.2768741750434657
119.25,40.75,9.167883,0.5764865875244141,0.27774847065694847,6.1877112,-0.1035209713560162,0.6308913213596028,175.17746,8.037896358605588,0.014945433287515193,2.7271843,0.013290665366432882,0.8815261296781428,952.21045,-0.30372573390151514,0.23360660184342277
119.75,26.75,19.761162,-0.03871594053326231,0.921700685721228,13.086888,0.1206475460168087,0.5203734569782891,151.72218,0.18343376390861743,0.984288039485004,2.0681894,-0.08695659492955062,0.24621086838133316,987.37177,-0.1893162582859848,0.5341300565317356
119.75,27.25,17.576006,-0.028284824255741005,0.9459444931006646,11.981855,0.16594730723987927,0.37035975436296525,145.82509,-1.9959772283380681,0.827625286415086,1.5352181,-0.06452074195399429,0.25273703725321056,950.2119,-0.17587372750946967,0.49343467316708073
119.75,27.75,15.959107,-0.0678545633951823,0.8644492460291641,11.04473,0.133084672870058,0.46113332917140765,143.83795,-2.6787664240056817,0.7438110620189727,1.5091597,-0.06943655014038086,0.23943169652584934,934.23193,-0.19450609611742425,0.4057781481565173
119.75,28.25,17.7145,-0.021452817049893467,0.9571025653584206,11.730156,0.13575727289373224,0.43520421655530284,144.97598,-3.2048099402225376,0.666237871233749,1.5741245,-0.045688910917802285,0.33881649018455273,966.3107,-0.20814098011363635,0.4076778090823545
119.75,29.75,16.263449,-0.06130877408114346,0.8666644884586132,10.493306,0.05935166098854759,0.7954309582333107,145.53105,-3.2797065503669502,0.5146643774483671,1.900729,-0.020951668421427407,0.5526968783559127,981.6335,-0.22993977864583334,0.3549563710569362
119.75,30.25,16.140759,-0.05638174577192827,0.8717278199167203,10.414728,0.02916145324707031,0.8858750056815207,145.13466,-4.139112067945076,0.4496554114632971,1.9737738,-0.03222325353911429,0.42297365267241654,990.03217,-0.20294744318181818,0.44781328179426183
119.75,30.75,16.492992,-0.07517242431640625,0.8407870274932643,10.701428,0.0402445937647964,0.8502273107563976,151.38837,-5.052535548354641,0.3838073977175776,2.333644,0.014591000296852806,0.7685847984418561,1004.1789,-0.21208052201704547,0.4657828579661987
119.75,31.25,16.22256,-0.05611864725748698,0.8921934818728349,10.358103,0.0612970409971295,0.7812015747575952,157.51285,-5.610071355646307,0.3589434022319533,3.2568786,-0.0007039272423946496,0.9912507096608418,1006.9274,-0.23309141216856064,0.46529161518751216
119.75,31.75,16.280346,-0.016590927586410984,0.9707994963670667,10.325858,0.0556198466907848,0.8163067069321248,156.65958,-5.461775346235795,0.3677413451478609,3.2229295,0.04855209408384381,0.4199350111406314,1014.195,-0.23627633759469693,0.4835678174901876
119.75,32.25,16.064497,0.036285747181285515,0.9405456162849966,10.121739,0.07759787819602273,0.7629529428682826,157.1108,-4.532688950047349,0.4401223956684665,3.2192323,0.0607880534547748,0.3004192372800997,1013.92584,-0.2501479640151515,0.4714602196895846
119.75,32.75,15.795675,0.0836474678733132,0.8691971439648557,9.890209,0.07660050825639204,0.7793838741698632,159.72836,-2.752629135594224,0.6067535939905069,3.2433696,0.0832491499004942,0.15139826953516522,1014.1378,-0.258352568655303,0.4674953836570198
119.75,33.25,15.593398,0.10260454813639323,0.8431730283675867,9.782084,0.06101486899636008,0.8150546385205719,161.6811,-1.7570190429687502,0.7440146266843964,3.1651478,0.07997954975474965,0.09825573506580823,1014.1106,-0.2644005977746212,0.46203992531085236
119.75,33.75,15.184422,0.09851496147386957,0.8541171683859791,9.4497795,0.04596542589592211,0.8642707194231728,164.10207,-1.0667484167850378,0.8440079334492973,3.1634405,0.06244032310717033,0.1377350579836685,1014.18823,-0.27307868726325757,0.45662165997638404
119.75,34.25,14.6111555,0.12239357919404001,0.8241633373947455,9.191454,0.06301024465849905,0.8162319529479023,167.59894,-1.928262421579072,0.7170788217185756,3.4932299,0.05680774919914477,0.23225929529754955,1013.29895,-0.25865219578598486,0.48693865901080824
119.75,35.75,13.4767065,0.10693162860292377,0.8429532466300074,8.510805,0.054744604862097535,0.846094957091098,175.78824,0.39363976680871215,0.9248088162921431,3.3361382,0.07065654523444898,0.4684230526230326,1007.395,-0.23643539891098486,0.5255016318031166
119.75,36.25,13.382478,0.08074396306818182,0.8457180391785994,8.293784,0.01593225652521307,0.945043764173609,172.95624,1.2661299272017046,0.7574595440013027,3.0899055,0.0848242730805368,0.31684895420644377,1010.341,-0.23315799597537878,0.5148935529187407
119.75,36.75,13.129089,0.1874221454967152,0.6978089995286109,7.9908934,0.014282139864834871,0.9542102351906008,174.57161,3.0441506125710225,0.4451993889910416,3.1075706,0.11435664783824574,0.22810318567525623,1011.71893,-0.24028246330492425,0.49026516607929127
119.75,40.25,9.431031,0.7731527848677202,0.22236183144215843,6.52832,-0.023554512948700878,0.9246418635364754,174.46753,6.836396188446969,0.01364275240423621,2.6318095,0.05180065559618401,0.5087452708665996,982.5759,-0.35449218750000006,0.22582887541983984
119.75,40.75,8.479832,0.7069299582279088,0.23382786478740178,5.840124,-0.08461721015698982,0.6892210003357608,174.82712,7.394628351384943,0.014357478169672434,2.7607868,-0.013581955071651575,0.8705785193459682,964.70276,-0.3512221827651515,0.19680872354043324
120.25,22.75,24.611044,0.010809118097478695,0.960718807201921,16.027279,0.01146784695712003,0.966174181304935,186.05916,1.881604743726326,0.803954710265409,2.2779286,-0.12224677114775685,0.042370469155811843,1007.94714,-0.16214266690340912,0.76543590632596
120.25,23.25,24.263264,0.06485470858487216,0.780145314310538,15.87424,0.06839752197265625,0.7713079507324999,193.48184,2.8952146587949814,0.6929874585860362,2.5666385,-0.13543536446311258,0.018277865215381547,1006.5929,-0.19572310014204547,0.7100358549458328
120.25,23.75,23.834684,0.07615788777669272,0.7574589356942936,15.471122,0.04066519303755327,0.8481825522299308,198.89722,3.799026026870265,0.5871531694245902,3.3324394,-0.24298933780554566,0.047066549483053825,1010.1284,-0.18724106297348486,0.7214356508894636
120.25,27.25,18.410164,-0.12645998868075284,0.7900700116803387,12.360521,0.07511318091190224,0.7508496479697516,149.59691,-2.0143811774976323,0.8217781528851352,2.0244193,-0.12545972881895123,0.11947691590388132,980.3317,-0.1869229403409091,0.5051798922190659
120.25,27.75,17.957664,-0.16412492231889203,0.7267648313717451,12.222532,0.0688719893946792,0.7842023191458903,148.22583,-3.0766305634469693,0.714575667050674,1.6684737,-0.09472961136789033,0.13259448025080592,967.949,-0.1902780243844697,0.4603876800514415
120.25,28.25,16.68101,-0.07519207578716856,0.850869345614403,11.436883,0.1363708611690637,0.4728117390132784,146.2029,-3.733496463660038,0.6329655686165605,1.6426902,-0.07236780542315858,0.2564399278991156,957.3725,-0.20025819720643936,0.40484895982783764
120.25,28.75,16.533478,-0.034925865404533615,0.9214119921817103,10.888514,0.1579266172466856,0.406713844660778,145.85378,-3.2553516734730117,0.6234826005038177,1.8651395,-0.057035171624385955,0.3299892550147735,966.6434,-0.20264781605113635,0.40031448728417907
120.25,29.25,17.022285,-0.054857889811197914,0.8907302098258213,10.803619,0.08197142861106178,0.7055165172771164,146.18156,-2.4733923709753785,0.6474445445204052,1.9941645,-0.05564017006845185,0.3226111647564757,987.1243,-0.21791770241477273,0.3918428465906378
120.25,29.75,16.889776,-0.07179526126745976,0.8540300177070618,10.672581,0.07846329428932883,0.7304899440913291,145.55777,-3.246850216027462,0.5251729542410172,2.0768826,-0.031536290139862984,0.47507696689619955,996.57007,-0.21239124644886365,0.43200114386758043
120.25,30.25,17.306612,-0.04321173465613163,0.9131282393057546,10.920646,0.0775184053363222,0.7282393961227708,146.32799,-4.60009765625,0.42417315958702656,2.5299206,-0.018367926279703777,0.7453415427246761,1010.55756,-0.21713719223484848,0.4626442429119862
120.25,30.75,17.016489,-0.043072440407492904,0.9154969456362605,10.7931795,0.07344690958658853,0.7529961195745435,152.38252,-4.886296127781723,0.40990060123422783,3.053674,0.01751944513031931,0.7974199858493196,1012.77625,-0.23091264204545453,0.45276265773146673
120.25,31.25,16.784565,-0.060037323922821975,0.8859742195883508,10.518868,0.03662982131495621,0.8783784921459797,157.76292,-5.4985175855232,0.38168462694162913,4.2282104,0.04135770508737275,0.6318653144504478,1013.65814,-0.22838615648674243,0.49804329150338417
120.25,31.75,16.356266,0.0030230319861209755,0.9952597260182375,10.384257,0.048523122614080254,0.8648022962206869,157.22937,-4.300277247573391,0.5061958603557313,3.4765081,0.03310048941409949,0.6209588756513283,1013.271,-0.2478582208806818,0.47939103839191566
120.25,32.25,15.865651,0.05694221727775805,0.9181623403348009,10.063984,0.045889998927260894,0.8834286411994411,157.62347,-3.818777373342803,0.5392745011337824,3.2182324,0.0696127631447532,0.21186069791727838,1013.71387,-0.25297407670454547,0.48448643329127644
120.25,32.75,15.6347475,0.12362948330965909,0.8327545348897896,9.878069,0.06652699094830138,0.8425239645681648,160.90244,-2.720698501124526,0.6507638123697567,3.222625,0.07124655174486565,0.17344941281416612,1013.0805,-0.26990855823863635,0.4665532663258566
120.25,33.25,15.194822,0.13883995287346118,0.8375631759726296,9.583595,0.062422145496715195,0.8701962971694717,164.34729,-1.865020751953125,0.751718542741698,3.2456849,0.054913939851703064,0.24595923988976456,1014.50604,-0.26369406960227276,0.4878778059478245
120.25,33.75,14.810495,0.17182916583436905,0.802364898884246,9.363731,0.07723790949041194,0.840800065995587,166.91135,-1.909954649029356,0.7370298037379004,3.5015857,0.05434436509103486,0.3799294347755705,1014.5816,-0.2852968158143939,0.45556363501761576
120.25,34.25,14.766504,0.059814221931226326,0.921509117680179,9.275902,-0.0025860757538766575,0.9935513214048559,167.22595,-2.133429324988163,0.7203842334137265,3.5019355,0.04097958767052853,0.47389115815916416,1014.1488,-0.27001213304924243,0.48870091085973905
120.25,36.25,13.389778,0.13105756586248224,0.7669958870517267,8.477129,0.045439055471709275,0.8488613116566195,174.221,1.5166736949573865,0.709114991881068,3.4664106,0.08128975376938327,0.409961263908611,1012.3954,-0.2709073153409091,0.47198179507855814
120.25,36.75,12.567197,0.18909766457297586,0.707557655465167,7.9395275,0.016709443294640743,0.9483751034750234,174.21712,2.6595005844578603,0.4971186973423826,3.0061479,0.09627374013264973,0.2909871722669626,1007.63873,-0.2522971413352273,0.48802327343451624
120.25,37.25,11.7961235,0.31552609530362213,0.6401495656796083,7.53145,0.031744523481889206,0.9189098976327756,177.48672,2.6595708673650567,0.44980614039937106,3.2659857,0.09468909465905392,0.3714856923906919,1000.46344,-0.2645818536931818,0.4399636660137646
120.25,40.25,9.9310875,0.7927620627663352,0.20521492527961305,6.5571017,-0.022781632163307884,0.9293519864037459,175.48236,6.630329478870738,0.017632855605774867,3.2958188,0.048020666295831856,0.6157431061861522,1010.8507,-0.42130533854166663,0.19496858533222097
120.25,40.75,8.749376,0.7403345397024443,0.21483723224425244,5.9135036,-0.09265786951238458,0.6798492904450466,175.50438,7.0355650005918555,0.018427073572259124,2.9017427,-0.01984772537693833,0.8194650760301964,989.17206,-0.4215827710700758,0.15964358682031474
120.25,41.25,7.761904,0.6633073344375149,0.2871310856981985,5.418089,-0.15828444740988992,0.47898221562253657,175.39671,7.22842499704072,0.02938324685160766,2.9672453,-0.024692289757006096,0.7899730545318839,971.90326,-0.3865226976799242,0.15905280562857846
120.75,22.25,23.999424,0.0684064229329427,0.7856810090348837,16.138746,0.0006260149406664299,0.9982067736548168,187.6729,0.6822528261126893,0.9338754108332634,2.5595565,-0.09980625094789447,0.13565842902323458,977.0986,-0.10238370028409091,0.8493422377873318
120.75,22.75,19.072062,0.06583866928562973,0.8059232488617144,12.851774,0.021223241632634945,0.9209881656038136,180.81754,0.4010657108191288,0.9611562028529359,1.676802,-0.08398399208531235,0.005033322693624989,917.20374,-0.10724801728219698,0.8133607550252403
120.75,23.25,17.981508,0.08943800492720172,0.728358156125635,12.825603,0.04031320051713423,0.8485655940213037,179.42802,1.253161806048769,0.872616772051643,1.1622069,-0.047869169350826385,0.10267856599421091,864.638,-0.10196200284090909,0.8035207339121456
120.75,23.75,17.120827,0.1161440069025213,0.6430078961721073,11.090716,0.029923410126657196,0.8523464633202603,183.54208,3.0786354758522725,0.6822300502181425,1.4459543,-0.08005517901796283,0.06647604513360562,930.1606,-0.13971872040719696,0.7530793366510916
120.75,24.25,21.270823,0.15916616266424005,0.5105801232779497,13.660869,0.04896036783854167,0.8126396772023259,182.45242,4.923165986032197,0.5118073097549456,2.6454995,-0.16921403191306372,0.05450836582573765,968.824,-0.19444691051136365,0.6742306201131982
120.75,27.75,18.608728,-0.2302170955773556,0.6339559700151464,12.182492,-0.003618240356445313,0.9895412649130819,153.50508,-3.011067708333333,0.7156246275448371,2.3246095,-0.17926909706809302,0.04642408185696249,1007.4063,-0.1539898496685606,0.576255334116556
120.75,28.25,16.84344,-0.1616185506184896,0.7196074545993627,11.286487,0.04986757220643939,0.813221664485927,148.2056,-4.058573404947917,0.6117349997613393,1.9782854,-0.13901792873035776,0.07406113367028598,979.2713,-0.1672104344223485,0.4948973622813019
120.75,28.75,16.399492,-0.14105559840346826,0.7503527017789771,11.078322,0.10143892692797113,0.6535649428800677,144.99945,-3.6280221650094697,0.6190031093757402,1.8009924,-0.08847950444077002,0.15646318259530012,962.58075,-0.1754224372632576,0.45891583143020276
120.75,29.25,17.051924,-0.13304126623905066,0.7728785030995204,11.364204,0.07516716465805516,0.7522553830898897,145.05678,-3.17359785600142,0.6066895422317703,2.0196896,-0.08334013187524045,0.1815897654421605,972.35645,-0.17618815104166669,0.47903304597677077
120.75,29.75,16.676922,-0.1401433077725497,0.7695273239972674,10.691512,0.051289702906753075,0.8392063137006328,146.25424,-4.010319565281724,0.49586845799861756,2.20539,-0.05738506895123106,0.32185238439493696,994.1877,-0.18736683238636365,0.48595495904604386
120.75,30.25,17.527378,-0.10738603996508049,0.8184621982131254,10.954588,0.03969446818033854,0.8610863800638487,150.72122,-5.172372529000947,0.4001029051884334,2.95218,-0.0570027900464607,0.42551718577737807,1013.29156,-0.19796475497159088,0.5110501893250223
120.75,30.75,16.91914,-0.07578023274739584,0.8760318451644794,10.732823,0.040249159841826476,0.8729478098424351,154.92145,-5.411523067589963,0.4113980080992459,3.2662015,-0.01577082547274503,0.8486867720331189,1013.7421,-0.2074344519412879,0.509805911784277
120.75,31.25,16.673033,-0.05802767204515862,0.9163826976895624,10.5591545,0.021281849254261367,0.9397768174278852,155.2751,-5.202358361446496,0.4480819538329609,3.5202591,-0.0032280719641483192,0.9662692585498626,1013.79865,-0.20866255326704547,0.5349976798193389
120.75,31.75,16.216265,0.023029847578568893,0.9679190950403138,10.300074,0.057701515428947685,0.8463427352410473,155.50633,-3.953432950106534,0.5610725838301528,3.442198,0.00635307485407049,0.9279364996319103,1013.78143,-0.23724920099431818,0.4981706515373613
120.75,32.25,15.648439,0.06640665458910393,0.9161638636169429,9.969931,0.03817951317989465,0.9128612059259328,159.15271,-3.4399728486032197,0.615468080658965,3.4217534,0.039640224341190224,0.5204141215571939,1014.1062,-0.24158824573863635,0.5072278110563504
120.75,32.75,15.553303,0.13809128963586056,0.8264912585948592,9.908267,0.06605142535585345,0.8510423858786395,162.42232,-2.397604277639678,0.7115727325041206,3.783267,0.03506098371563536,0.601369550726616,1014.0827,-0.25505297111742425,0.4971036663567252
120.75,33.25,15.293154,0.16609862356474905,0.8171841624933215,9.797793,0.0661717617150509,0.8729892111027775,166.31232,-1.8466140284682764,0.7735271741138642,4.0356812,0.020949146964333275,0.7673494034126398,1014.6496,-0.25127249053030304,0.5094543142933879
120.75,36.75,12.123749,0.2686218492912524,0.6224942651890284,7.900421,0.05608677141594165,0.8343522902748758,174.44075,2.028690222537879,0.5912148005198826,3.0721915,0.08746969338619348,0.35351821303675307,1008.6254,-0.2775619969223485,0.46161257782834986
120.75,37.25,11.7338915,0.32425261988784326,0.6295543623232696,7.5630774,0.060646288322679924,0.8445073620260247,174.72255,1.502819639263731,0.6859846802284937,3.0577772,0.0757272026755593,0.43759495919458763,994.9978,-0.27833510890151514,0.42918595357807043
120.75,37.75,12.282594,0.5170322187019117,0.5293723298301704,7.9145555,0.1313127170909535,0.7396794269969398,175.72827,1.9434000651041665,0.6071787008740149,4.0608397,0.12824847481467508,0.260832056288039,1006.18896,-0.2828850023674242,0.42139600120947585
120.75,40.75,8.996619,0.7982107798258463,0.16306995816230718,6.11906,-0.09427296031605112,0.655989920884527,175.17422,6.662269361091383,0.03083981257907393,3.4539502,0.004593401244192412,0.9646479601602367,1004.4837,-0.4554332386363636,0.153318016617976
120.75,41.25,7.4852242,0.7681771191683683,0.2040590484881933,5.33375,-0.161644155328924,0.42053673498269367,174.51904,6.878583503491951,0.04085642271138513,3.1562815,-0.01660159139922171,0.8715343717621983,992.4712,-0.45258493134469696,0.12098278425311429
120.75,41.75,7.3942566,0.6715473406242601,0.3012788381264276,5.160114,-0.17624670086484967,0.41840557946350604,175.45871,6.318671024206912,0.06201152673978742,3.2851355,-0.04063230572324811,0.7153219964226587,986.374,-0.45073168205492425,0.10800352354418281
121.25,23.25,20.109589,0.011725685813210228,0.9669823103712251,14.199799,0.05394166888612689,0.8198696036012573,168.22571,0.5588517622514204,0.9474039883673913,1.4780948,-0.08233487967288856,0.0050181714100295495,911.16846,-0.11796061197916667,0.8011427368347717
121.25,23.75,15.687853,0.0834431503758286,0.7642091534728009,11.453703,0.03636938152891217,0.8501348832480501,163.2734,2.1090134129379736,0.8089544931661536,1.1126866,-0.04759368029507724,0.06389808726813091,852.4278,-0.1638812440814394,0.6863464508120307
121.25,24.25,11.394745,0.17552231297348483,0.5025520600532082,9.076919,0.054054086858575996,0.7620013248232324,164.81796,3.373819986979167,0.7057050840754411,1.1826117,-0.04822955709515196,0.1268135138552471,795.4062,-0.16758774266098483,0.7136073938303481
121.25,24.75,18.667236,0.0866066903779001,0.7952483243579151,12.283377,-0.02251954512162642,0.9015632147189141,164.0357,4.284514456084281,0.6075748617534793,2.3571002,-0.1740679018425219,0.019086574065650147,933.2571,-0.16754705255681818,0.6415399258491817
121.25,28.25,17.322706,-0.27879321936405066,0.5914719715478491,11.001225,-0.06357794096975615,0.8027214812448995,151.1915,-5.230167273319129,0.5202818885363679,2.8137472,-0.2376286911241936,0.03505703899763351,1004.07935,-0.15224017518939395,0.572778624129763
121.25,28.75,16.687572,-0.321157050855232,0.5764052348677797,10.73746,-0.08338610331217447,0.7638928431197939,146.63696,-5.646513043027936,0.46887311563800016,2.3192906,-0.15450175603230795,0.0666234699123371,998.1577,-0.1506643584280303,0.5725119821332698
121.25,29.25,16.243458,-0.18749994220155658,0.6805557520438484,10.874071,0.02598219206838897,0.9052499280801282,144.34634,-4.104685465494792,0.5482361950669735,2.254559,-0.128188638976126,0.066028389484218,980.40594,-0.16534238873106064,0.5199067197452268
121.25,29.75,16.303709,-0.19831495574026398,0.7247411990662124,10.779013,0.05286679123387192,0.8459754470960719,145.46938,-4.765234744910038,0.4634018709467624,2.4088306,-0.08344778870091295,0.14751352503561627,987.64014,-0.16358161695075757,0.5547061071824788
121.25,30.25,16.942616,-0.3826003797126538,0.6843023719060138,10.604088,-0.20338526639071375,0.7389161003131912,152.42459,-6.213810776219223,0.33409627335917685,3.119387,-0.1038236618041992,0.25035192939016343,1011.5469,-0.17470111268939395,0.5704093272595387
121.25,30.75,16.53575,-0.30781416459517047,0.7647441770365039,10.4860735,-0.17630889198996805,0.8045753570077414,158.24272,-6.0248228130918555,0.37597018559349293,3.4309454,-0.0546692790407123,0.6136719856152149,1014.0312,-0.19189823035037878,0.5491485859809183
121.25,31.25,16.16005,-0.048485669222745026,0.9655453852855964,10.192043,0.030298117435339725,0.9671691733465811,154.46466,-4.696171616062974,0.4996693384604073,3.4169726,-0.021807410500266335,0.8053466347591998,1013.96106,-0.20090553977272724,0.5593318517918435
121.25,31.75,15.689702,0.08254750569661459,0.9396888183900309,9.989749,0.10822284582889441,0.8779972460824954,153.87798,-3.2820647268584278,0.6540817156049974,3.5399048,-0.0010732881950609612,0.9895421629411232,1013.9377,-0.21635668205492423,0.5441681748474907
121.25,32.25,15.40002,0.12203881234833688,0.8993074203763668,9.8709545,0.16185829856178977,0.7954587932219453,158.14465,-2.1007893880208335,0.7754912771366476,3.786747,0.028967539469401043,0.698678671528417,1014.4909,-0.22836396188446967,0.5396541193876792
121.25,36.75,12.746393,0.24081733010031964,0.6751931442491091,8.216631,0.01604013731985381,0.9566193803150702,174.52922,1.6999650435014204,0.6498317146178734,3.1009154,0.09510414528124261,0.36024366457348556,1004.77936,-0.296457001657197,0.44771385300716626
121.25,37.25,11.988793,0.3103437134713838,0.6325393289597029,7.6880965,0.05109128085049716,0.8632266076015515,175.1302,0.8741640033143939,0.8071478887616164,3.1213152,0.08195680560487689,0.40837554880183546,999.6676,-0.2887628728693182,0.4338948864721022
121.25,41.25,9.826878,0.7632376352945963,0.16136624617370193,6.526961,-0.1790574969667377,0.39677282181768275,173.37288,7.090109160452177,0.03985786866200064,3.49043,-0.022970112887295807,0.8289391743233089,1006.26184,-0.48602479876893934,0.12177898200755428
121.25,41.75,9.325339,0.7107727744362571,0.2540972919281695,6.198439,-0.1752011270234079,0.46284240892487977,173.90855,6.232615152994791,0.07446387248326218,3.3382668,-0.045963200655850495,0.6715917736362833,991.80115,-0.4818781072443182,0.10199017848356186
121.75,24.75,21.91266,0.055549505985144416,0.8513762946114879,14.873202,-0.0519256591796875,0.8351042228826758,157.81964,3.276940548058712,0.7159729614388234,2.2120569,-0.142705064831358,0.0030020014273749044,970.3186,-0.0830078125,0.8073916487058009
121.75,29.25,17.473854,-0.285614013671875,0.5893885273552961,11.455937,-0.032807899243903885,0.8914759997304017,148.92494,-5.282990426728221,0.44838999217906744,3.1588168,-0.26407789461540454,0.03804772249949721,1004.87366,-0.12517015861742425,0.6427404464064774
121.75,29.75,17.1166,-0.3059317848899148,0.6127771271324856,11.179605,-0.024199688073360558,0.9361720313958545,150.7363,-5.96910233931108,0.3841184866502192,3.5295308,-0.244511604309082,0.06514503452466215,1005.96124,-0.13398881392045453,0.6347223346132685
121.75,31.25,16.326973,-0.13996708031856653,0.9031518583030144,10.38803,-0.003213824647845644,0.9965862310161494,158.29799,-4.393688779888731,0.5297346409951992,4.418226,-0.157085707693389,0.3347928556731482,1014.2142,-0.1830758759469697,0.584401451801271
121.75,31.75,15.816641,0.05598704020182292,0.9611410270450962,10.086589,0.11066800897771661,0.881840544191888,155.15666,-2.8635781028053975,0.6895220897402524,3.8882298,-0.046895619594689575,0.665017147255343,1014.0676,-0.21075254498106058,0.5462795701595583
121.75,37.25,12.484013,0.3344942150693952,0.6019762036670224,7.8692713,0.0828191005822384,0.7757610245314491,177.69566,-0.021401145241477272,0.9957637578777478,3.2935553,0.06406039902658174,0.5511794773363308,1005.7772,-0.3049427379261364,0.4309132840320713
121.75,39.25,11.100042,0.9597521117239285,0.26256549392487544,7.7660084,0.176168239477909,0.6378925298468516,176.24734,3.7371271306818183,0.3324117913682172,4.196396,0.15352194236986563,0.1772239412859598,1009.21204,-0.38206898082386365,0.2933704097370499
121.75,39.75,10.386939,0.972673647331469,0.21797911484945948,7.319172,0.061300942392060256,0.840922289977679,175.08826,5.414585922703599,0.14420771004574817,3.8523133,0.15069974552501333,0.1809311504142659,1008.8242,-0.4043338660037879,0.2543796350530358
121.75,41.25,10.03306,0.8178499973181521,0.14768734469617448,6.7479177,-0.1842177708943685,0.3705376351643019,172.65279,6.58413788766572,0.06219286720175779,3.383514,0.011718504356615471,0.904377190917865,1012.26483,-0.5007435191761364,0.12480078366166879
121.75,41.75,9.30284,0.7608697486646249,0.21334445128925894,6.4288797,-0.17980014916622278,0.42024381789975873,172.36862,5.950026078657671,0.10920521860310747,3.2430732,-0.023853562094948506,0.8138211245230015,994.1903,-0.49467699455492425,0.10095748648697082
122.25,29.75,16.76591,-0.2897122123024681,0.6380739463625561,10.860861,-0.04830152338201349,0.9008349009386633,159.21747,-7.162419174656724,0.3073951836902687,4.840665,-0.350783463680383,0.11999721202804385,1009.9732,-0.11617764559659091,0.6926404384431806
122.25,37.25,12.190703,0.41685052351518104,0.5553784160331618,7.6847854,0.1674889651211825,0.6112799538086836,178.79832,-1.2532552083333335,0.7897952713592379,3.7826867,0.06197634610262784,0.6463493038105124,1007.484,-0.3069069602272727,0.44714805677711467
122.25,39.75,9.789809,0.8345937439889618,0.25994364825254845,7.1762533,-0.05205871119643702,0.8385806260850375,172.2708,5.1324953021425195,0.22257594032748962,3.1750448,0.13435930194276752,0.14030655721397542,997.7803,-0.38529459635416663,0.28760815922965416
122.25,40.25,9.360067,0.869195186730587,0.17040206814669334,6.9754453,-0.035458853750517876,0.8590700670590867,172.82483,5.935674493963068,0.09938286368218241,3.6214285,0.13449482484297318,0.22867575128165726,1000.2516,-0.4133818655303031,0.2462602001754507
122.25,40.75,10.008716,0.8196135434237394,0.14171807985027682,7.041473,-0.09152181220777107,0.6094183798349968,172.44164,6.47036835641572,0.05104207024463744,3.8177676,0.06556480581110175,0.608886464225549,1014.07074,-0.49729965672348486,0.1475188349111921
122.25,41.25,9.994204,0.8377283269708807,0.15648731098278088,6.7513456,-0.15891236969918915,0.4556613212078366,171.40303,6.500738895300663,0.07148242106564104,3.6565893,0.0328926606611772,0.7725898010388441,1014.44684,-0.5263597892992424,0.12510804677285806
122.25,41.75,9.71046,0.7615466262354995,0.20356128538046167,6.484155,-0.18004142876827356,0.42736741292402847,171.52434,5.718143347537879,0.11770533746160583,3.6144385,-0.023992061614990234,0.8277557249756603,1011.9795,-0.549997040719697,0.09615303284522696
122.75,39.75,9.874224,0.7370771928267045,0.28641924186411943,7.2151356,-0.11712900797526042,0.6434382492359711,170.77852,5.6044330018939394,0.21380504601636685,2.981655,0.1330469593857274,0.12901870041320845,1005.67633,-0.38989997632575757,0.303822581007938
122.75,40.25,7.79522,0.8838946313569039,0.2204597646811223,6.4763093,-0.0458697983712861,0.8356420098026707,169.54654,6.189896092270359,0.11873742588979086,2.8920488,0.15398615056818182,0.09008308562560004,973.6407,-0.3915127840909091,0.25852106677558645
122.75,40.75,9.028702,0.8277262485388553,0.19723582971391776,6.573469,-0.10675410068396367,0.5756200100889634,169.44893,6.335010875355113,0.08983776507275583,3.326421,0.10789369814323657,0.31145653285650093,1002.4678,-0.47065133759469696,0.17024509183664244
122.75,41.25,9.794529,0.7926010941014145,0.2010774738434828,6.659408,-0.14637293960108902,0.4754267972147329,169.79774,6.263564601089016,0.10513127864304554,3.5749226,0.06903696060180664,0.5268933053974091,1013.3741,-0.5112563624526515,0.1457090717536318
123.25,40.25,8.575861,0.7716663533991033,0.25763150718105604,6.810009,-0.07123782417990944,0.7569598453664392,165.36855,6.267842610677084,0.14988860801719553,2.7466428,0.12992910905317825,0.15421179664634443,989.73975,-0.3746485854640152,0.29790879153643085
123.25,40.75,6.9851875,0.7693091016827207,0.22212435618332443,6.1939855,-0.11212207331801906,0.5130841922716272,164.63129,6.175064549301609,0.1279256798968081,2.8638632,0.09339870106090198,0.30161189905352426,971.85876,-0.4146728515625,0.19975615750112263
123.75,39.75,10.409944,0.7409406719785748,0.2765207766165512,7.491557,-0.021680918606844818,0.9424402029191888,166.94873,5.464690237334279,0.23325315111676548,3.2195265,0.17042794372096204,0.12915172052471358,1013.52747,-0.38196540601325757,0.3440939976008453
123.75,40.25,8.346578,0.6155792872111002,0.3358647228623387,6.7378345,-0.04858875274658204,0.8375109237965183,162.98264,5.737691243489583,0.24039387153436667,2.7180562,0.1250541860407049,0.1502368777349244,997.5866,-0.379290956439394,0.3232670096869119
123.75,40.75,7.1341777,0.5883342858516809,0.31569361474203583,6.518992,-0.1112278447006688,0.5562113305020098,160.25972,5.965270071318656,0.20127153075002374,2.5579295,0.09652480212124911,0.2248976104743209,967.7747,-0.4202104048295454,0.21107504935390062
124.25,40.25,9.013328,0.43530637567693536,0.46448805376270136,6.9626064,-0.09450661052357065,0.6790647575385109,160.6326,5.038764722419508,0.35475008948985337,2.6868277,0.11365868828513405,0.18461063498189778,1001.8259,-0.35621226917613635,0.35951448962745186
124.25,40.75,7.8711634,0.44872182788270887,0.4078853738564825,6.7244186,-0.13734615210330847,0.4565330274170168,157.03548,5.1219362201112695,0.3536679817998672,2.4470794,0.0895158305312648,0.24489173031562445,982.5457,-0.39189009232954547,0.26384764637340874
124.75,40.75,7.4454403,0.29624797358657373,0.5458150887500325,6.620998,-0.12115926453561493,0.501018012550542,156.18355,4.336365670868845,0.4867881844961605,2.3417103,0.08778274420535927,0.2402486661033726,972.0237,-0.3697065873579546,0.29765070568005797
129.75,42.75,3.9671583,0.08882430105498346,0.8572363272186795,5.2849436,-0.007133454987497041,0.9750938124741808,156.93633,-2.4236283735795454,0.7482088402400904,2.5096972,0.038624806837602096,0.5384622303840376,965.192,-0.573434540719697,0.15637790213840644
129.75,43.25,3.6455457,-0.015671397700454278,0.9745725591255193,5.2033362,0.013259223013213188,0.9508773317749828,154.82617,-3.9068806966145835,0.6469870291001818,2.3890128,0.021357088377981472,0.7455665107711774,965.6308,-0.5717107599431818,0.1724824092669475
130.25,42.75,6.016247,0.1673474456324722,0.7522070122133331,5.894851,-0.0021525874282374525,0.9940815404735263,154.57478,-2.1348553281841856,0.786336778975568,2.5210485,0.027881376671068592,0.684736991747691,990.7564,-0.6210456616950757,0.15282223168579528
130.25,43.25,3.3933709,0.09958923224246864,0.8465510848985638,5.244853,0.059506676413796165,0.8053414108942363,154.77684,-2.7216621167732007,0.740643581909773,2.6596947,0.02846651366262725,0.6467057755823777,938.9685,-0.5891520182291666,0.1601239688907625
130.75,43.25,3.0979002,0.159101153865005,0.7707121217531605,5.1740603,0.06312954064571497,0.8046850313689439,153.75146,-2.289010712594697,0.7802956180396495,2.7152894,0.019857175422437267,0.77748901087403,932.56354,-0.6010668205492424,0.16479446490538038
130.75,43.75,3.0972114,0.055622288675019234,0.9154698153222086,4.9387417,0.04227927236845999,0.8435920563295727,156.47777,-1.9685058593750002,0.8221889397018631,2.8665981,0.024595780806107956,0.768215129994658,947.2141,-0.5844837535511364,0.16951144199933132
